"DateTime","Sensor_id","Vendor","SensorModel","LAT","LONG","Zone","Pm1_0","Pm2_5","Pm10","SO2","O3","CO","NO2","AlertTriggered","SensorStatus"
21-04-26 00:03:04,"63e0b0eae3495a39","ATT","AQM-01-00-01-00-01-00-GY",29.51007,-98.580288,"Medical Center",20,19,23,0,0,0,0,"None","Normal"
21-04-26 00:13:07,"63e0b0eae3495a39","ATT","AQM-01-00-01-00-01-00-GY",29.51007,-98.580288,"Medical Center",23,23,28,0,0,0,0,"None","Normal"
21-04-26 00:23:09,"63e0b0eae3495a39","ATT","AQM-01-00-01-00-01-00-GY",29.51007,-98.580288,"Medical Center",19,20,24,0,0,0,0,"None","Normal"
21-04-26 00:33:10,"63e0b0eae3495a39","ATT","AQM-01-00-01-00-01-00-GY",29.51007,-98.580288,"Medical Center",15,25,31,0,0,0,0,"None","Normal"
21-04-26 00:43:13,"63e0b0eae3495a39","ATT","AQM-01-00-01-00-01-00-GY",29.51007,-98.580288,"Medical Center",16,17,19,0,0,0,0,"None","Normal"
21-04-26 00:53:17,"63e0b0eae3495a39","ATT","AQM-01-00-01-00-01-00-GY",29.51007,-98.580288,"Medical Center",22,18,24,0,0,0,0,"None","Normal"
21-04-26 01:03:19,"63e0b0eae3495a39","ATT","AQM-01-00-01-00-01-00-GY",29.51007,-98.580288,"Medical Center",17,20,26,0,0,0,0,"None","Normal"
21-04-26 01:13:20,"63e0b0eae3495a39","ATT","AQM-01-00-01-00-01-00-GY",29.51007,-98.580288,"Medical Center",20,20,24,0,0,0,0,"None","Normal"
21-04-26 01:23:20,"63e0b0eae3495a39","ATT","AQM-01-00-01-00-01-00-GY",29.51007,-98.580288,"Medical Center",21,24,29,0,0,0,0,"None","Normal"
21-04-26 01:33:21,"63e0b0eae3495a39","ATT","AQM-01-00-01-00-01-00-GY",29.51007,-98.580288,"Medical Center",22,24,28,0,0,0,0,"None","Normal"
21-04-26 01:43:21,"63e0b0eae3495a39","ATT","AQM-01-00-01-00-01-00-GY",29.51007,-98.580288,"Medical Center",20,22,28,0,0,0,0,"None","Normal"
21-04-26 01:52:23,"63e0b0eae3495a39","ATT","AQM-01-00-01-00-01-00-GY",29.51007,-98.580288,"Medical Center",22,25,33,0,0,0,0,"None","Normal"
21-04-26 02:02:24,"63e0b0eae3495a39","ATT","AQM-01-00-01-00-01-00-GY",29.51007,-98.580288,"Medical Center",23,27,33,0,0,0,0,"None","Normal"
21-04-26 02:12:24,"63e0b0eae3495a39","ATT","AQM-01-00-01-00-01-00-GY",29.51007,-98.580288,"Medical Center",23,23,29,0,0,0,0,"None","Normal"
21-04-26 02:12:24,"63e0b0eae3495a39","ATT","AQM-01-00-01-00-01-00-GY",29.51007,-98.580288,"Medical Center",23,23,29,0,0,0,0,"None","Normal"
21-04-26 02:22:24,"63e0b0eae3495a39","ATT","AQM-01-00-01-00-01-00-GY",29.51007,-98.580288,"Medical Center",23,21,25,0,0,0,0,"None","Normal"
21-04-26 02:32:25,"63e0b0eae3495a39","ATT","AQM-01-00-01-00-01-00-GY",29.51007,-98.580288,"Medical Center",19,22,29,0,0,0,0,"None","Normal"
21-04-26 02:42:25,"63e0b0eae3495a39","ATT","AQM-01-00-01-00-01-00-GY",29.51007,-98.580288,"Medical Center",18,24,30,0,0,0,0,"None","Normal"
21-04-26 02:52:25,"63e0b0eae3495a39","ATT","AQM-01-00-01-00-01-00-GY",29.51007,-98.580288,"Medical Center",18,21,28,0,0,0,0,"None","Normal"
21-04-26 03:02:30,"63e0b0eae3495a39","ATT","AQM-01-00-01-00-01-00-GY",29.51007,-98.580288,"Medical Center",18,21,24,0,0,0,0,"None","Normal"
21-04-26 03:12:30,"63e0b0eae3495a39","ATT","AQM-01-00-01-00-01-00-GY",29.51007,-98.580288,"Medical Center",23,23,29,0,0,0,0,"None","Normal"
21-04-26 03:22:31,"63e0b0eae3495a39","ATT","AQM-01-00-01-00-01-00-GY",29.51007,-98.580288,"Medical Center",19,16,20,0,0,0,0,"None","Normal"
21-04-26 03:32:32,"63e0b0eae3495a39","ATT","AQM-01-00-01-00-01-00-GY",29.51007,-98.580288,"Medical Center",13,19,19,0,0,0,0,"None","Normal"
21-04-26 03:42:35,"63e0b0eae3495a39","ATT","AQM-01-00-01-00-01-00-GY",29.51007,-98.580288,"Medical Center",13,17,20,0,0,0,0,"None","Normal"
21-04-26 03:52:39,"63e0b0eae3495a39","ATT","AQM-01-00-01-00-01-00-GY",29.51007,-98.580288,"Medical Center",16,19,28,0,0,0,0,"None","Normal"
21-04-26 04:02:42,"63e0b0eae3495a39","ATT","AQM-01-00-01-00-01-00-GY",29.51007,-98.580288,"Medical Center",20,17,21,0,0,0,0,"None","Normal"
21-04-26 04:12:47,"63e0b0eae3495a39","ATT","AQM-01-00-01-00-01-00-GY",29.51007,-98.580288,"Medical Center",16,16,20,0,0,0,0,"None","Normal"
21-04-26 04:22:50,"63e0b0eae3495a39","ATT","AQM-01-00-01-00-01-00-GY",29.51007,-98.580288,"Medical Center",19,16,20,0,0,0,0,"None","Normal"
21-04-26 04:32:55,"63e0b0eae3495a39","ATT","AQM-01-00-01-00-01-00-GY",29.51007,-98.580288,"Medical Center",17,18,23,0,0,0,0,"None","Normal"
21-04-26 04:42:58,"63e0b0eae3495a39","ATT","AQM-01-00-01-00-01-00-GY",29.51007,-98.580288,"Medical Center",16,16,20,0,0,0,0,"None","Normal"
21-04-26 04:53:03,"63e0b0eae3495a39","ATT","AQM-01-00-01-00-01-00-GY",29.51007,-98.580288,"Medical Center",13,14,17,0,0,0,0,"None","Normal"
21-04-26 05:03:03,"63e0b0eae3495a39","ATT","AQM-01-00-01-00-01-00-GY",29.51007,-98.580288,"Medical Center",23,22,32,0,0,0,0,"None","Normal"
21-04-26 05:13:08,"63e0b0eae3495a39","ATT","AQM-01-00-01-00-01-00-GY",29.51007,-98.580288,"Medical Center",16,14,20,0,0,0,0,"None","Normal"
21-04-26 05:23:11,"63e0b0eae3495a39","ATT","AQM-01-00-01-00-01-00-GY",29.51007,-98.580288,"Medical Center",13,18,24,0,0,0,0,"None","Normal"
21-04-26 05:33:11,"63e0b0eae3495a39","ATT","AQM-01-00-01-00-01-00-GY",29.51007,-98.580288,"Medical Center",13,15,21,0,0,0,0,"None","Normal"
21-04-26 05:43:11,"63e0b0eae3495a39","ATT","AQM-01-00-01-00-01-00-GY",29.51007,-98.580288,"Medical Center",15,19,28,0,0,0,0,"None","Normal"
21-04-26 05:53:12,"63e0b0eae3495a39","ATT","AQM-01-00-01-00-01-00-GY",29.51007,-98.580288,"Medical Center",13,13,15,0,0,0,0,"None","Normal"
21-04-26 06:03:12,"63e0b0eae3495a39","ATT","AQM-01-00-01-00-01-00-GY",29.51007,-98.580288,"Medical Center",26,23,29,0,0,0,0,"None","Normal"
21-04-26 06:13:12,"63e0b0eae3495a39","ATT","AQM-01-00-01-00-01-00-GY",29.51007,-98.580288,"Medical Center",11,13,16,0,0,0,0,"None","Normal"
21-04-26 06:23:13,"63e0b0eae3495a39","ATT","AQM-01-00-01-00-01-00-GY",29.51007,-98.580288,"Medical Center",12,12,22,0,0,0,0,"None","Normal"
21-04-26 06:33:13,"63e0b0eae3495a39","ATT","AQM-01-00-01-00-01-00-GY",29.51007,-98.580288,"Medical Center",10,16,20,0,0,0,0,"None","Normal"
21-04-26 06:43:17,"63e0b0eae3495a39","ATT","AQM-01-00-01-00-01-00-GY",29.51007,-98.580288,"Medical Center",12,15,22,0,0,0,0,"None","Normal"
21-04-26 06:53:18,"63e0b0eae3495a39","ATT","AQM-01-00-01-00-01-00-GY",29.51007,-98.580288,"Medical Center",13,13,16,0,0,0,0,"None","Normal"
21-04-26 07:03:18,"63e0b0eae3495a39","ATT","AQM-01-00-01-00-01-00-GY",29.51007,-98.580288,"Medical Center",13,9,10,0,0,0,0,"None","Normal"
21-04-26 07:13:18,"63e0b0eae3495a39","ATT","AQM-01-00-01-00-01-00-GY",29.51007,-98.580288,"Medical Center",12,14,16,0,0,0,0,"None","Normal"
21-04-26 07:23:18,"63e0b0eae3495a39","ATT","AQM-01-00-01-00-01-00-GY",29.51007,-98.580288,"Medical Center",10,15,19,0,0,0,0,"None","Normal"
21-04-26 07:33:18,"63e0b0eae3495a39","ATT","AQM-01-00-01-00-01-00-GY",29.51007,-98.580288,"Medical Center",12,16,21,0,0,0,0,"None","Normal"
21-04-26 07:43:18,"63e0b0eae3495a39","ATT","AQM-01-00-01-00-01-00-GY",29.51007,-98.580288,"Medical Center",10,11,13,0,0,0,0,"None","Normal"
21-04-26 07:53:18,"63e0b0eae3495a39","ATT","AQM-01-00-01-00-01-00-GY",29.51007,-98.580288,"Medical Center",13,16,22,0,0,0,0,"None","Normal"
21-04-26 08:03:21,"63e0b0eae3495a39","ATT","AQM-01-00-01-00-01-00-GY",29.51007,-98.580288,"Medical Center",10,14,18,0,0,0,0,"None","Normal"
21-04-26 08:13:25,"63e0b0eae3495a39","ATT","AQM-01-00-01-00-01-00-GY",29.51007,-98.580288,"Medical Center",13,14,15,0,0,0,0,"None","Normal"
21-04-26 08:23:28,"63e0b0eae3495a39","ATT","AQM-01-00-01-00-01-00-GY",29.51007,-98.580288,"Medical Center",13,14,15,0,0,0,0,"None","Normal"
21-04-26 08:33:30,"63e0b0eae3495a39","ATT","AQM-01-00-01-00-01-00-GY",29.51007,-98.580288,"Medical Center",13,10,13,0,0,0,0,"None","Normal"
21-04-26 08:43:35,"63e0b0eae3495a39","ATT","AQM-01-00-01-00-01-00-GY",29.51007,-98.580288,"Medical Center",10,15,20,0,0,0,0,"None","Normal"
21-04-26 08:53:40,"63e0b0eae3495a39","ATT","AQM-01-00-01-00-01-00-GY",29.51007,-98.580288,"Medical Center",10,14,18,0,0,0,0,"None","Normal"
21-04-26 09:03:40,"63e0b0eae3495a39","ATT","AQM-01-00-01-00-01-00-GY",29.51007,-98.580288,"Medical Center",16,12,17,0,0,0,0,"None","Normal"
21-04-26 09:13:42,"63e0b0eae3495a39","ATT","AQM-01-00-01-00-01-00-GY",29.51007,-98.580288,"Medical Center",13,12,17,0,0,0,0,"None","Normal"
21-04-26 09:23:44,"63e0b0eae3495a39","ATT","AQM-01-00-01-00-01-00-GY",29.51007,-98.580288,"Medical Center",14,13,16,0,0,0,0,"None","Normal"
21-04-26 09:33:45,"63e0b0eae3495a39","ATT","AQM-01-00-01-00-01-00-GY",29.51007,-98.580288,"Medical Center",9,11,14,0,0,0,0,"None","Normal"
21-04-26 09:43:50,"63e0b0eae3495a39","ATT","AQM-01-00-01-00-01-00-GY",29.51007,-98.580288,"Medical Center",15,7,9,0,0,0,0,"None","Normal"
21-04-26 09:53:51,"63e0b0eae3495a39","ATT","AQM-01-00-01-00-01-00-GY",29.51007,-98.580288,"Medical Center",14,10,14,0,0,0,0,"None","Normal"
21-04-26 10:03:57,"63e0b0eae3495a39","ATT","AQM-01-00-01-00-01-00-GY",29.51007,-98.580288,"Medical Center",11,12,17,0,0,0,0,"None","Normal"
21-04-26 10:13:59,"63e0b0eae3495a39","ATT","AQM-01-00-01-00-01-00-GY",29.51007,-98.580288,"Medical Center",12,12,16,0,0,0,0,"None","Normal"
21-04-26 10:24:03,"63e0b0eae3495a39","ATT","AQM-01-00-01-00-01-00-GY",29.51007,-98.580288,"Medical Center",10,10,13,0,0,0,0,"None","Normal"
21-04-26 10:34:04,"63e0b0eae3495a39","ATT","AQM-01-00-01-00-01-00-GY",29.51007,-98.580288,"Medical Center",11,12,15,0,0,0,0,"None","Normal"
21-04-26 10:44:09,"63e0b0eae3495a39","ATT","AQM-01-00-01-00-01-00-GY",29.51007,-98.580288,"Medical Center",10,11,14,0,0,0,0,"None","Normal"
21-04-26 10:54:17,"63e0b0eae3495a39","ATT","AQM-01-00-01-00-01-00-GY",29.51007,-98.580288,"Medical Center",13,13,16,0,0,0,0,"None","Normal"
21-04-26 11:04:15,"63e0b0eae3495a39","ATT","AQM-01-00-01-00-01-00-GY",29.51007,-98.580288,"Medical Center",13,8,10,0,0,0,0,"None","Normal"
21-04-26 11:14:16,"63e0b0eae3495a39","ATT","AQM-01-00-01-00-01-00-GY",29.51007,-98.580288,"Medical Center",15,10,14,0,0,0,0,"None","Normal"
21-04-26 11:24:20,"63e0b0eae3495a39","ATT","AQM-01-00-01-00-01-00-GY",29.51007,-98.580288,"Medical Center",9,12,15,0,0,0,0,"None","Normal"
21-04-26 11:34:27,"63e0b0eae3495a39","ATT","AQM-01-00-01-00-01-00-GY",29.51007,-98.580288,"Medical Center",12,12,16,0,0,0,0,"None","Normal"
21-04-26 11:44:26,"63e0b0eae3495a39","ATT","AQM-01-00-01-00-01-00-GY",29.51007,-98.580288,"Medical Center",15,13,16,0,0,0,0,"None","Normal"
21-04-26 11:54:32,"63e0b0eae3495a39","ATT","AQM-01-00-01-00-01-00-GY",29.51007,-98.580288,"Medical Center",30,21,29,0,0,0,0,"None","Normal"
21-04-26 12:04:32,"63e0b0eae3495a39","ATT","AQM-01-00-01-00-01-00-GY",29.51007,-98.580288,"Medical Center",14,10,12,0,0,0,0,"None","Normal"
21-04-26 12:14:34,"63e0b0eae3495a39","ATT","AQM-01-00-01-00-01-00-GY",29.51007,-98.580288,"Medical Center",13,14,16,0,0,0,0,"None","Normal"
21-04-26 12:24:39,"63e0b0eae3495a39","ATT","AQM-01-00-01-00-01-00-GY",29.51007,-98.580288,"Medical Center",11,10,11,0,0,0,0,"None","Normal"
21-04-26 12:34:39,"63e0b0eae3495a39","ATT","AQM-01-00-01-00-01-00-GY",29.51007,-98.580288,"Medical Center",10,14,17,0,0,0,0,"None","Normal"
21-04-26 12:44:48,"63e0b0eae3495a39","ATT","AQM-01-00-01-00-01-00-GY",29.51007,-98.580288,"Medical Center",13,13,18,0,0,0,0,"None","Normal"
21-04-26 12:54:48,"63e0b0eae3495a39","ATT","AQM-01-00-01-00-01-00-GY",29.51007,-98.580288,"Medical Center",14,13,16,0,0,0,0,"None","Normal"
21-04-26 13:04:53,"63e0b0eae3495a39","ATT","AQM-01-00-01-00-01-00-GY",29.51007,-98.580288,"Medical Center",11,13,16,0,0,0,0,"None","Normal"
21-04-26 13:14:59,"63e0b0eae3495a39","ATT","AQM-01-00-01-00-01-00-GY",29.51007,-98.580288,"Medical Center",13,12,15,0,0,0,0,"None","Normal"
21-04-26 13:24:59,"63e0b0eae3495a39","ATT","AQM-01-00-01-00-01-00-GY",29.51007,-98.580288,"Medical Center",13,12,16,0,0,0,0,"None","Normal"
21-04-26 13:35:01,"63e0b0eae3495a39","ATT","AQM-01-00-01-00-01-00-GY",29.51007,-98.580288,"Medical Center",16,15,19,0,0,0,0,"None","Normal"
21-04-26 13:45:05,"63e0b0eae3495a39","ATT","AQM-01-00-01-00-01-00-GY",29.51007,-98.580288,"Medical Center",16,12,14,0,0,0,0,"None","Normal"
21-04-26 13:55:10,"63e0b0eae3495a39","ATT","AQM-01-00-01-00-01-00-GY",29.51007,-98.580288,"Medical Center",12,11,14,0,0,0,0,"None","Normal"
21-04-26 14:05:09,"63e0b0eae3495a39","ATT","AQM-01-00-01-00-01-00-GY",29.51007,-98.580288,"Medical Center",13,12,15,0,0,0,0,"None","Normal"
21-04-26 14:15:12,"63e0b0eae3495a39","ATT","AQM-01-00-01-00-01-00-GY",29.51007,-98.580288,"Medical Center",14,13,17,0,0,0,0,"None","Normal"
21-04-26 14:25:28,"63e0b0eae3495a39","ATT","AQM-01-00-01-00-01-00-GY",29.51007,-98.580288,"Medical Center",16,17,20,0,0,0,0,"None","Normal"
21-04-26 14:35:17,"63e0b0eae3495a39","ATT","AQM-01-00-01-00-01-00-GY",29.51007,-98.580288,"Medical Center",16,18,23,0,0,0,0,"None","Normal"
21-04-26 14:45:26,"63e0b0eae3495a39","ATT","AQM-01-00-01-00-01-00-GY",29.51007,-98.580288,"Medical Center",18,18,24,0,0,0,0,"None","Normal"
21-04-26 14:55:24,"63e0b0eae3495a39","ATT","AQM-01-00-01-00-01-00-GY",29.51007,-98.580288,"Medical Center",13,18,24,0,0,0,0,"None","Normal"
21-04-26 15:05:26,"63e0b0eae3495a39","ATT","AQM-01-00-01-00-01-00-GY",29.51007,-98.580288,"Medical Center",12,17,23,0,0,0,0,"None","Normal"
21-04-26 15:15:27,"63e0b0eae3495a39","ATT","AQM-01-00-01-00-01-00-GY",29.51007,-98.580288,"Medical Center",13,13,17,0,0,0,0,"None","Normal"
21-04-26 15:22:07,"63e0b0eae3495a39","ATT","AQM-01-00-01-00-01-00-GY",29.51007,-98.580288,"Medical Center",14,15,19,0,0,0,0,"None","Normal"
21-04-26 15:32:07,"63e0b0eae3495a39","ATT","AQM-01-00-01-00-01-00-GY",29.51007,-98.580288,"Medical Center",13,18,23,0,0,0,0,"None","Normal"
21-04-26 15:42:08,"63e0b0eae3495a39","ATT","AQM-01-00-01-00-01-00-GY",29.51007,-98.580288,"Medical Center",20,16,19,0,0,0,0,"None","Normal"
21-04-26 15:52:09,"63e0b0eae3495a39","ATT","AQM-01-00-01-00-01-00-GY",29.51007,-98.580288,"Medical Center",23,16,21,0,0,0,0,"None","Normal"
21-04-26 16:02:09,"63e0b0eae3495a39","ATT","AQM-01-00-01-00-01-00-GY",29.51007,-98.580288,"Medical Center",14,15,20,0,0,0,0,"None","Normal"
21-04-26 16:12:09,"63e0b0eae3495a39","ATT","AQM-01-00-01-00-01-00-GY",29.51007,-98.580288,"Medical Center",20,15,20,0,0,0,0,"None","Normal"
21-04-26 16:22:15,"63e0b0eae3495a39","ATT","AQM-01-00-01-00-01-00-GY",29.51007,-98.580288,"Medical Center",14,15,20,0,0,0,0,"None","Normal"
21-04-26 16:32:17,"63e0b0eae3495a39","ATT","AQM-01-00-01-00-01-00-GY",29.51007,-98.580288,"Medical Center",22,14,18,0,0,0,0,"None","Normal"
21-04-26 16:42:17,"63e0b0eae3495a39","ATT","AQM-01-00-01-00-01-00-GY",29.51007,-98.580288,"Medical Center",16,14,20,0,0,0,0,"None","Normal"
21-04-26 16:52:18,"63e0b0eae3495a39","ATT","AQM-01-00-01-00-01-00-GY",29.51007,-98.580288,"Medical Center",16,14,17,0,0,0,0,"None","Normal"
21-04-26 17:02:19,"63e0b0eae3495a39","ATT","AQM-01-00-01-00-01-00-GY",29.51007,-98.580288,"Medical Center",13,13,17,0,0,0,0,"None","Normal"
21-04-26 17:12:23,"63e0b0eae3495a39","ATT","AQM-01-00-01-00-01-00-GY",29.51007,-98.580288,"Medical Center",13,15,21,0,0,0,0,"None","Normal"
21-04-26 17:22:23,"63e0b0eae3495a39","ATT","AQM-01-00-01-00-01-00-GY",29.51007,-98.580288,"Medical Center",17,17,22,0,0,0,0,"None","Normal"
21-04-26 17:32:24,"63e0b0eae3495a39","ATT","AQM-01-00-01-00-01-00-GY",29.51007,-98.580288,"Medical Center",14,18,22,0,0,0,0,"None","Normal"
21-04-26 17:42:27,"63e0b0eae3495a39","ATT","AQM-01-00-01-00-01-00-GY",29.51007,-98.580288,"Medical Center",18,13,18,0,0,0,0,"None","Normal"
21-04-26 17:52:27,"63e0b0eae3495a39","ATT","AQM-01-00-01-00-01-00-GY",29.51007,-98.580288,"Medical Center",14,20,24,0,0,0,0,"None","Normal"
21-04-26 18:02:29,"63e0b0eae3495a39","ATT","AQM-01-00-01-00-01-00-GY",29.51007,-98.580288,"Medical Center",14,15,20,0,0,0,0,"None","Normal"
21-04-26 18:12:29,"63e0b0eae3495a39","ATT","AQM-01-00-01-00-01-00-GY",29.51007,-98.580288,"Medical Center",14,14,15,0,0,0,0,"None","Normal"
21-04-26 18:22:29,"63e0b0eae3495a39","ATT","AQM-01-00-01-00-01-00-GY",29.51007,-98.580288,"Medical Center",16,17,22,0,0,0,0,"None","Normal"
21-04-26 18:32:31,"63e0b0eae3495a39","ATT","AQM-01-00-01-00-01-00-GY",29.51007,-98.580288,"Medical Center",23,17,21,0,0,0,0,"None","Normal"
21-04-26 18:42:32,"63e0b0eae3495a39","ATT","AQM-01-00-01-00-01-00-GY",29.51007,-98.580288,"Medical Center",13,13,16,0,0,0,0,"None","Normal"
21-04-26 18:52:32,"63e0b0eae3495a39","ATT","AQM-01-00-01-00-01-00-GY",29.51007,-98.580288,"Medical Center",16,14,19,0,0,0,0,"None","Normal"
21-04-26 19:02:32,"63e0b0eae3495a39","ATT","AQM-01-00-01-00-01-00-GY",29.51007,-98.580288,"Medical Center",19,16,19,0,0,0,0,"None","Normal"
21-04-26 19:12:32,"63e0b0eae3495a39","ATT","AQM-01-00-01-00-01-00-GY",29.51007,-98.580288,"Medical Center",13,15,20,0,0,0,0,"None","Normal"
21-04-26 19:22:33,"63e0b0eae3495a39","ATT","AQM-01-00-01-00-01-00-GY",29.51007,-98.580288,"Medical Center",15,15,19,0,0,0,0,"None","Normal"
21-04-26 00:02:14,"7b48389537e7a6c7","ATT","AQM-01-00-01-00-01-00-GY",29.5079,-98.58128,"Medical Center",21,22,27,0,0,0,1,"no2","Normal"
21-04-26 00:12:15,"7b48389537e7a6c7","ATT","AQM-01-00-01-00-01-00-GY",29.5079,-98.58128,"Medical Center",20,23,30,0,0,0,1,"no2","Normal"
21-04-26 00:22:19,"7b48389537e7a6c7","ATT","AQM-01-00-01-00-01-00-GY",29.5079,-98.58128,"Medical Center",23,24,30,0,0,0,1,"no2","Normal"
21-04-26 00:32:18,"7b48389537e7a6c7","ATT","AQM-01-00-01-00-01-00-GY",29.5079,-98.58128,"Medical Center",20,21,25,0,0,0,1,"no2","Normal"
21-04-26 00:42:19,"7b48389537e7a6c7","ATT","AQM-01-00-01-00-01-00-GY",29.5079,-98.58128,"Medical Center",19,20,26,0,0,0,1,"no2","Normal"
21-04-26 00:52:20,"7b48389537e7a6c7","ATT","AQM-01-00-01-00-01-00-GY",29.5079,-98.58128,"Medical Center",24,24,29,0,0,0,1,"no2","Normal"
21-04-26 01:02:21,"7b48389537e7a6c7","ATT","AQM-01-00-01-00-01-00-GY",29.5079,-98.58128,"Medical Center",22,21,25,0,0,0,1,"no2","Normal"
21-04-26 01:12:20,"7b48389537e7a6c7","ATT","AQM-01-00-01-00-01-00-GY",29.5079,-98.58128,"Medical Center",23,24,31,0,0.1,0,1,"no2","Normal"
21-04-26 01:22:21,"7b48389537e7a6c7","ATT","AQM-01-00-01-00-01-00-GY",29.5079,-98.58128,"Medical Center",20,24,32,0,0,0,1,"no2","Normal"
21-04-26 01:32:22,"7b48389537e7a6c7","ATT","AQM-01-00-01-00-01-00-GY",29.5079,-98.58128,"Medical Center",30,23,27,0,0,0,1,"no2","Normal"
21-04-26 01:42:22,"7b48389537e7a6c7","ATT","AQM-01-00-01-00-01-00-GY",29.5079,-98.58128,"Medical Center",21,28,34,0,0,0,1,"no2","Normal"
21-04-26 01:52:41,"7b48389537e7a6c7","ATT","AQM-01-00-01-00-01-00-GY",29.5079,-98.58128,"Medical Center",21,20,26,0,0,0,1,"no2","Normal"
21-04-26 02:02:41,"7b48389537e7a6c7","ATT","AQM-01-00-01-00-01-00-GY",29.5079,-98.58128,"Medical Center",23,21,28,0,0,0,1,"no2","Normal"
21-04-26 02:12:41,"7b48389537e7a6c7","ATT","AQM-01-00-01-00-01-00-GY",29.5079,-98.58128,"Medical Center",26,28,36,0,0,0,1,"no2","Normal"
21-04-26 02:12:41,"7b48389537e7a6c7","ATT","AQM-01-00-01-00-01-00-GY",29.5079,-98.58128,"Medical Center",26,28,36,0,0,0,1,"no2","Normal"
21-04-26 02:22:41,"7b48389537e7a6c7","ATT","AQM-01-00-01-00-01-00-GY",29.5079,-98.58128,"Medical Center",21,26,34,0,0,0,1,"no2","Normal"
21-04-26 02:32:44,"7b48389537e7a6c7","ATT","AQM-01-00-01-00-01-00-GY",29.5079,-98.58128,"Medical Center",21,24,30,0,0,0,1,"no2","Normal"
21-04-26 02:42:45,"7b48389537e7a6c7","ATT","AQM-01-00-01-00-01-00-GY",29.5079,-98.58128,"Medical Center",26,28,38,0,0,0,1,"no2","Normal"
21-04-26 02:52:44,"7b48389537e7a6c7","ATT","AQM-01-00-01-00-01-00-GY",29.5079,-98.58128,"Medical Center",20,23,33,0,0,0,1,"no2","Normal"
21-04-26 03:02:46,"7b48389537e7a6c7","ATT","AQM-01-00-01-00-01-00-GY",29.5079,-98.58128,"Medical Center",15,23,28,0,0,0,1,"no2","Normal"
21-04-26 03:12:47,"7b48389537e7a6c7","ATT","AQM-01-00-01-00-01-00-GY",29.5079,-98.58128,"Medical Center",22,24,31,0,0,0,1,"no2","Normal"
21-04-26 03:22:49,"7b48389537e7a6c7","ATT","AQM-01-00-01-00-01-00-GY",29.5079,-98.58128,"Medical Center",20,17,22,0,0.1,0,1,"no2","Normal"
21-04-26 03:32:49,"7b48389537e7a6c7","ATT","AQM-01-00-01-00-01-00-GY",29.5079,-98.58128,"Medical Center",22,18,39,0,0,0,1,"no2","Normal"
21-04-26 03:42:52,"7b48389537e7a6c7","ATT","AQM-01-00-01-00-01-00-GY",29.5079,-98.58128,"Medical Center",15,17,23,0,0,0,1,"no2","Normal"
21-04-26 03:52:52,"7b48389537e7a6c7","ATT","AQM-01-00-01-00-01-00-GY",29.5079,-98.58128,"Medical Center",23,20,27,0,0,0,1,"no2","Normal"
21-04-26 04:02:53,"7b48389537e7a6c7","ATT","AQM-01-00-01-00-01-00-GY",29.5079,-98.58128,"Medical Center",13,21,17,0,0,0,1,"no2","Normal"
21-04-26 04:12:54,"7b48389537e7a6c7","ATT","AQM-01-00-01-00-01-00-GY",29.5079,-98.58128,"Medical Center",20,20,27,0,0,0,1,"no2","Normal"
21-04-26 04:22:58,"7b48389537e7a6c7","ATT","AQM-01-00-01-00-01-00-GY",29.5079,-98.58128,"Medical Center",16,15,20,0,0,0,1,"no2","Normal"
21-04-26 04:33:02,"7b48389537e7a6c7","ATT","AQM-01-00-01-00-01-00-GY",29.5079,-98.58128,"Medical Center",16,17,21,0,0,0,1,"no2","Normal"
21-04-26 04:43:05,"7b48389537e7a6c7","ATT","AQM-01-00-01-00-01-00-GY",29.5079,-98.58128,"Medical Center",15,14,21,0,0,0,1,"no2","Normal"
21-04-26 04:53:10,"7b48389537e7a6c7","ATT","AQM-01-00-01-00-01-00-GY",29.5079,-98.58128,"Medical Center",19,15,20,0,0,0,1,"no2","Normal"
21-04-26 05:03:14,"7b48389537e7a6c7","ATT","AQM-01-00-01-00-01-00-GY",29.5079,-98.58128,"Medical Center",15,13,17,0,0,0,1,"no2","Normal"
21-04-26 05:13:18,"7b48389537e7a6c7","ATT","AQM-01-00-01-00-01-00-GY",29.5079,-98.58128,"Medical Center",15,14,19,0,0.1,0,1,"no2","Normal"
21-04-26 05:23:21,"7b48389537e7a6c7","ATT","AQM-01-00-01-00-01-00-GY",29.5079,-98.58128,"Medical Center",14,16,21,0,0,0,1,"no2","Normal"
21-04-26 05:33:26,"7b48389537e7a6c7","ATT","AQM-01-00-01-00-01-00-GY",29.5079,-98.58128,"Medical Center",16,18,22,0,0,0,1,"no2","Normal"
21-04-26 05:43:27,"7b48389537e7a6c7","ATT","AQM-01-00-01-00-01-00-GY",29.5079,-98.58128,"Medical Center",19,16,19,0,0,0,1,"no2","Normal"
21-04-26 05:53:31,"7b48389537e7a6c7","ATT","AQM-01-00-01-00-01-00-GY",29.5079,-98.58128,"Medical Center",16,14,17,0,0,0,1,"no2","Normal"
21-04-26 06:03:35,"7b48389537e7a6c7","ATT","AQM-01-00-01-00-01-00-GY",29.5079,-98.58128,"Medical Center",15,16,22,0,0,0,1,"no2","Normal"
21-04-26 06:13:34,"7b48389537e7a6c7","ATT","AQM-01-00-01-00-01-00-GY",29.5079,-98.58128,"Medical Center",17,16,21,0,0,0,1,"no2","Normal"
21-04-26 06:23:35,"7b48389537e7a6c7","ATT","AQM-01-00-01-00-01-00-GY",29.5079,-98.58128,"Medical Center",15,16,22,0,0,0,0,"no2","Normal"
21-04-26 06:33:36,"7b48389537e7a6c7","ATT","AQM-01-00-01-00-01-00-GY",29.5079,-98.58128,"Medical Center",15,17,22,0,0,0,1,"no2","Normal"
21-04-26 06:43:37,"7b48389537e7a6c7","ATT","AQM-01-00-01-00-01-00-GY",29.5079,-98.58128,"Medical Center",18,17,23,0,0,0,1,"no2","Normal"
21-04-26 06:53:38,"7b48389537e7a6c7","ATT","AQM-01-00-01-00-01-00-GY",29.5079,-98.58128,"Medical Center",13,15,22,0,0,0,0,"no2","Normal"
21-04-26 07:03:39,"7b48389537e7a6c7","ATT","AQM-01-00-01-00-01-00-GY",29.5079,-98.58128,"Medical Center",26,19,22,0,0,0,0,"no2","Normal"
21-04-26 07:13:40,"7b48389537e7a6c7","ATT","AQM-01-00-01-00-01-00-GY",29.5079,-98.58128,"Medical Center",10,13,16,0,0,0,0,"no2","Normal"
21-04-26 07:23:44,"7b48389537e7a6c7","ATT","AQM-01-00-01-00-01-00-GY",29.5079,-98.58128,"Medical Center",10,12,17,0,0,0,0,"no2","Normal"
21-04-26 07:33:45,"7b48389537e7a6c7","ATT","AQM-01-00-01-00-01-00-GY",29.5079,-98.58128,"Medical Center",13,16,23,0,0,0,0,"no2","Normal"
21-04-26 07:43:46,"7b48389537e7a6c7","ATT","AQM-01-00-01-00-01-00-GY",29.5079,-98.58128,"Medical Center",10,11,14,0,0,0,0,"no2","Normal"
21-04-26 07:53:47,"7b48389537e7a6c7","ATT","AQM-01-00-01-00-01-00-GY",29.5079,-98.58128,"Medical Center",11,14,17,0,0,0,0,"no2","Normal"
21-04-26 08:03:48,"7b48389537e7a6c7","ATT","AQM-01-00-01-00-01-00-GY",29.5079,-98.58128,"Medical Center",13,13,17,0,0,0,0,"no2","Normal"
21-04-26 08:13:49,"7b48389537e7a6c7","ATT","AQM-01-00-01-00-01-00-GY",29.5079,-98.58128,"Medical Center",14,12,15,0,0,0,0,"no2","Normal"
21-04-26 08:23:49,"7b48389537e7a6c7","ATT","AQM-01-00-01-00-01-00-GY",29.5079,-98.58128,"Medical Center",12,14,18,0,0,0,0,"no2","Normal"
21-04-26 08:33:50,"7b48389537e7a6c7","ATT","AQM-01-00-01-00-01-00-GY",29.5079,-98.58128,"Medical Center",11,10,11,0,0,0,0,"None","Normal"
21-04-26 08:43:53,"7b48389537e7a6c7","ATT","AQM-01-00-01-00-01-00-GY",29.5079,-98.58128,"Medical Center",13,10,13,0,0,0,0,"None","Normal"
21-04-26 08:53:54,"7b48389537e7a6c7","ATT","AQM-01-00-01-00-01-00-GY",29.5079,-98.58128,"Medical Center",16,18,22,0,0,0,0,"no2","Normal"
21-04-26 09:04:00,"7b48389537e7a6c7","ATT","AQM-01-00-01-00-01-00-GY",29.5079,-98.58128,"Medical Center",11,13,11,0,0,0,0,"no2","Normal"
21-04-26 09:14:02,"7b48389537e7a6c7","ATT","AQM-01-00-01-00-01-00-GY",29.5079,-98.58128,"Medical Center",11,11,15,0,0,0,0,"no2","Normal"
21-04-26 09:24:07,"7b48389537e7a6c7","ATT","AQM-01-00-01-00-01-00-GY",29.5079,-98.58128,"Medical Center",10,13,17,0,0,0,0,"no2","Normal"
21-04-26 09:34:12,"7b48389537e7a6c7","ATT","AQM-01-00-01-00-01-00-GY",29.5079,-98.58128,"Medical Center",10,11,13,0,0,0,0,"no2","Normal"
21-04-26 09:44:13,"7b48389537e7a6c7","ATT","AQM-01-00-01-00-01-00-GY",29.5079,-98.58128,"Medical Center",8,10,13,0,0,0,0,"no2","Normal"
21-04-26 09:54:22,"7b48389537e7a6c7","ATT","AQM-01-00-01-00-01-00-GY",29.5079,-98.58128,"Medical Center",13,11,13,0,0,0,0,"no2","Normal"
21-04-26 10:04:20,"7b48389537e7a6c7","ATT","AQM-01-00-01-00-01-00-GY",29.5079,-98.58128,"Medical Center",13,13,18,0,0,0,0,"no2","Normal"
21-04-26 10:14:21,"7b48389537e7a6c7","ATT","AQM-01-00-01-00-01-00-GY",29.5079,-98.58128,"Medical Center",9,21,16,0,0,0,0,"no2","Normal"
21-04-26 10:24:27,"7b48389537e7a6c7","ATT","AQM-01-00-01-00-01-00-GY",29.5079,-98.58128,"Medical Center",10,7,10,0,0.1,0,0,"no2","Normal"
21-04-26 10:34:29,"7b48389537e7a6c7","ATT","AQM-01-00-01-00-01-00-GY",29.5079,-98.58128,"Medical Center",10,12,15,0,0,0,0,"no2","Normal"
21-04-26 10:44:33,"7b48389537e7a6c7","ATT","AQM-01-00-01-00-01-00-GY",29.5079,-98.58128,"Medical Center",6,11,14,0,0,0,0,"no2","Normal"
21-04-26 10:54:35,"7b48389537e7a6c7","ATT","AQM-01-00-01-00-01-00-GY",29.5079,-98.58128,"Medical Center",13,12,16,0,0,0,0,"no2","Normal"
21-04-26 11:04:40,"7b48389537e7a6c7","ATT","AQM-01-00-01-00-01-00-GY",29.5079,-98.58128,"Medical Center",13,10,13,0,0,0,0,"no2","Normal"
21-04-26 11:14:42,"7b48389537e7a6c7","ATT","AQM-01-00-01-00-01-00-GY",29.5079,-98.58128,"Medical Center",13,12,15,0,0,0,0,"no2","Normal"
21-04-26 11:24:47,"7b48389537e7a6c7","ATT","AQM-01-00-01-00-01-00-GY",29.5079,-98.58128,"Medical Center",8,12,16,0,0,0,1,"no2","Normal"
21-04-26 11:34:49,"7b48389537e7a6c7","ATT","AQM-01-00-01-00-01-00-GY",29.5079,-98.58128,"Medical Center",10,11,15,0,0,0,1,"no2","Normal"
21-04-26 11:44:54,"7b48389537e7a6c7","ATT","AQM-01-00-01-00-01-00-GY",29.5079,-98.58128,"Medical Center",11,11,14,0,0,0,0,"no2","Normal"
21-04-26 11:55:00,"7b48389537e7a6c7","ATT","AQM-01-00-01-00-01-00-GY",29.5079,-98.58128,"Medical Center",11,8,9,0,0,0,1,"no2","Normal"
21-04-26 12:05:01,"7b48389537e7a6c7","ATT","AQM-01-00-01-00-01-00-GY",29.5079,-98.58128,"Medical Center",9,12,16,0,0,0,0,"no2","Normal"
21-04-26 12:15:02,"7b48389537e7a6c7","ATT","AQM-01-00-01-00-01-00-GY",29.5079,-98.58128,"Medical Center",8,8,10,0,0,0,0,"no2","Normal"
21-04-26 12:25:08,"7b48389537e7a6c7","ATT","AQM-01-00-01-00-01-00-GY",29.5079,-98.58128,"Medical Center",12,10,14,0,0,0,1,"no2","Normal"
21-04-26 12:35:09,"7b48389537e7a6c7","ATT","AQM-01-00-01-00-01-00-GY",29.5079,-98.58128,"Medical Center",11,12,14,0,0,0,1,"no2","Normal"
21-04-26 12:45:15,"7b48389537e7a6c7","ATT","AQM-01-00-01-00-01-00-GY",29.5079,-98.58128,"Medical Center",11,14,18,0,0,0,0,"no2","Normal"
21-04-26 12:55:16,"7b48389537e7a6c7","ATT","AQM-01-00-01-00-01-00-GY",29.5079,-98.58128,"Medical Center",16,12,17,0,0,0,1,"no2","Normal"
21-04-26 13:05:20,"7b48389537e7a6c7","ATT","AQM-01-00-01-00-01-00-GY",29.5079,-98.58128,"Medical Center",12,13,18,0,0,0,1,"no2","Normal"
21-04-26 13:15:22,"7b48389537e7a6c7","ATT","AQM-01-00-01-00-01-00-GY",29.5079,-98.58128,"Medical Center",13,160,203,0,0,0,1,"pm2_5","Normal"
21-04-26 13:25:27,"7b48389537e7a6c7","ATT","AQM-01-00-01-00-01-00-GY",29.5079,-98.58128,"Medical Center",14,15,19,0,0,0,0,"no2","Normal"
21-04-26 13:35:32,"7b48389537e7a6c7","ATT","AQM-01-00-01-00-01-00-GY",29.5079,-98.58128,"Medical Center",14,15,20,0,0,0,0,"no2","Normal"
21-04-26 13:45:34,"7b48389537e7a6c7","ATT","AQM-01-00-01-00-01-00-GY",29.5079,-98.58128,"Medical Center",12,15,21,0,0,0,1,"no2","Normal"
21-04-26 13:55:36,"7b48389537e7a6c7","ATT","AQM-01-00-01-00-01-00-GY",29.5079,-98.58128,"Medical Center",13,15,19,0,0,0,0,"no2","Normal"
21-04-26 14:05:41,"7b48389537e7a6c7","ATT","AQM-01-00-01-00-01-00-GY",29.5079,-98.58128,"Medical Center",15,13,14,0,0,0,0,"no2","Normal"
21-04-26 14:15:43,"7b48389537e7a6c7","ATT","AQM-01-00-01-00-01-00-GY",29.5079,-98.58128,"Medical Center",14,17,22,0,0,0,0,"no2","Normal"
21-04-26 14:25:48,"7b48389537e7a6c7","ATT","AQM-01-00-01-00-01-00-GY",29.5079,-98.58128,"Medical Center",15,17,22,0,0,0,0,"no2","Normal"
21-04-26 14:35:50,"7b48389537e7a6c7","ATT","AQM-01-00-01-00-01-00-GY",29.5079,-98.58128,"Medical Center",13,17,22,0,0,0,0,"no2","Normal"
21-04-26 14:45:55,"7b48389537e7a6c7","ATT","AQM-01-00-01-00-01-00-GY",29.5079,-98.58128,"Medical Center",14,15,20,0,0,0,0,"no2","Normal"
21-04-26 14:55:56,"7b48389537e7a6c7","ATT","AQM-01-00-01-00-01-00-GY",29.5079,-98.58128,"Medical Center",19,13,17,0,0,0,0,"no2","Normal"
21-04-26 15:06:02,"7b48389537e7a6c7","ATT","AQM-01-00-01-00-01-00-GY",29.5079,-98.58128,"Medical Center",16,13,18,0,0,0,0,"no2","Normal"
21-04-26 15:16:04,"7b48389537e7a6c7","ATT","AQM-01-00-01-00-01-00-GY",29.5079,-98.58128,"Medical Center",15,15,20,0,0,0,1,"no2","Normal"
21-04-26 15:21:08,"7b48389537e7a6c7","ATT","AQM-01-00-01-00-01-00-GY",29.5079,-98.58128,"Medical Center",15,14,21,0,0,0,1,"no2","Normal"
21-04-26 15:31:08,"7b48389537e7a6c7","ATT","AQM-01-00-01-00-01-00-GY",29.5079,-98.58128,"Medical Center",15,15,19,0,0,0,1,"no2","Normal"
21-04-26 15:41:10,"7b48389537e7a6c7","ATT","AQM-01-00-01-00-01-00-GY",29.5079,-98.58128,"Medical Center",16,13,19,0,0,0,1,"no2","Normal"
21-04-26 15:51:12,"7b48389537e7a6c7","ATT","AQM-01-00-01-00-01-00-GY",29.5079,-98.58128,"Medical Center",13,14,20,0,0,0,1,"no2","Normal"
21-04-26 16:01:18,"7b48389537e7a6c7","ATT","AQM-01-00-01-00-01-00-GY",29.5079,-98.58128,"Medical Center",12,11,14,0,0,0,1,"no2","Normal"
21-04-26 16:11:19,"7b48389537e7a6c7","ATT","AQM-01-00-01-00-01-00-GY",29.5079,-98.58128,"Medical Center",15,16,19,0,0,0,1,"no2","Normal"
21-04-26 16:21:19,"7b48389537e7a6c7","ATT","AQM-01-00-01-00-01-00-GY",29.5079,-98.58128,"Medical Center",16,16,21,0,0,0,1,"no2","Normal"
21-04-26 16:31:24,"7b48389537e7a6c7","ATT","AQM-01-00-01-00-01-00-GY",29.5079,-98.58128,"Medical Center",16,16,19,0,0,0,1,"no2","Normal"
21-04-26 16:41:25,"7b48389537e7a6c7","ATT","AQM-01-00-01-00-01-00-GY",29.5079,-98.58128,"Medical Center",16,17,22,0,0,0,1,"no2","Normal"
21-04-26 16:51:25,"7b48389537e7a6c7","ATT","AQM-01-00-01-00-01-00-GY",29.5079,-98.58128,"Medical Center",15,16,20,0,0,0,1,"no2","Normal"
21-04-26 17:01:25,"7b48389537e7a6c7","ATT","AQM-01-00-01-00-01-00-GY",29.5079,-98.58128,"Medical Center",16,16,21,0,0,0,1,"no2","Normal"
21-04-26 17:11:27,"7b48389537e7a6c7","ATT","AQM-01-00-01-00-01-00-GY",29.5079,-98.58128,"Medical Center",16,16,23,0,0,0,1,"no2","Normal"
21-04-26 17:21:28,"7b48389537e7a6c7","ATT","AQM-01-00-01-00-01-00-GY",29.5079,-98.58128,"Medical Center",21,17,24,0,0,0,1,"no2","Normal"
21-04-26 17:31:28,"7b48389537e7a6c7","ATT","AQM-01-00-01-00-01-00-GY",29.5079,-98.58128,"Medical Center",22,19,24,0,0,0,1,"no2","Normal"
21-04-26 17:41:30,"7b48389537e7a6c7","ATT","AQM-01-00-01-00-01-00-GY",29.5079,-98.58128,"Medical Center",22,18,24,0,0,0,1,"no2","Normal"
21-04-26 17:51:30,"7b48389537e7a6c7","ATT","AQM-01-00-01-00-01-00-GY",29.5079,-98.58128,"Medical Center",18,21,27,0,0,0,1,"no2","Normal"
21-04-26 18:01:31,"7b48389537e7a6c7","ATT","AQM-01-00-01-00-01-00-GY",29.5079,-98.58128,"Medical Center",16,16,19,0,0,0,1,"no2","Normal"
21-04-26 18:11:32,"7b48389537e7a6c7","ATT","AQM-01-00-01-00-01-00-GY",29.5079,-98.58128,"Medical Center",17,23,27,0,0,0,1,"no2","Normal"
21-04-26 18:21:33,"7b48389537e7a6c7","ATT","AQM-01-00-01-00-01-00-GY",29.5079,-98.58128,"Medical Center",19,20,26,0,0,0,1,"no2","Normal"
21-04-26 18:31:33,"7b48389537e7a6c7","ATT","AQM-01-00-01-00-01-00-GY",29.5079,-98.58128,"Medical Center",19,17,23,0,0,0,1,"no2","Normal"
21-04-26 18:41:37,"7b48389537e7a6c7","ATT","AQM-01-00-01-00-01-00-GY",29.5079,-98.58128,"Medical Center",15,17,23,0,0,0,1,"no2","Normal"
21-04-26 18:51:37,"7b48389537e7a6c7","ATT","AQM-01-00-01-00-01-00-GY",29.5079,-98.58128,"Medical Center",16,17,22,0,0,0,1,"no2","Normal"
21-04-26 19:01:38,"7b48389537e7a6c7","ATT","AQM-01-00-01-00-01-00-GY",29.5079,-98.58128,"Medical Center",17,18,24,0,0,0,1,"no2","Normal"
21-04-26 19:11:40,"7b48389537e7a6c7","ATT","AQM-01-00-01-00-01-00-GY",29.5079,-98.58128,"Medical Center",18,17,20,0,0,0,1,"no2","Normal"
21-04-26 19:21:40,"7b48389537e7a6c7","ATT","AQM-01-00-01-00-01-00-GY",29.5079,-98.58128,"Medical Center",18,17,21,0,0,0,1,"no2","Normal"
21-04-26 00:03:24,"6dee283d397b9803","ATT","AQM-01-00-01-00-01-00-GY",29.50752,-98.581368,"Medical Center",20,23,29,0,0,0,0,"no2","Normal"
21-04-26 00:13:24,"6dee283d397b9803","ATT","AQM-01-00-01-00-01-00-GY",29.50752,-98.581368,"Medical Center",23,25,32,0,0,0,0,"None","Normal"
21-04-26 00:23:27,"6dee283d397b9803","ATT","AQM-01-00-01-00-01-00-GY",29.50752,-98.581368,"Medical Center",22,21,25,0,0,0,0,"None","Normal"
21-04-26 00:33:29,"6dee283d397b9803","ATT","AQM-01-00-01-00-01-00-GY",29.50752,-98.581368,"Medical Center",18,19,24,0,0,0,0,"None","Normal"
21-04-26 00:43:29,"6dee283d397b9803","ATT","AQM-01-00-01-00-01-00-GY",29.50752,-98.581368,"Medical Center",19,23,29,0,0,0,0,"None","Normal"
21-04-26 00:53:29,"6dee283d397b9803","ATT","AQM-01-00-01-00-01-00-GY",29.50752,-98.581368,"Medical Center",20,23,26,0,0,0,0,"None","Normal"
21-04-26 01:03:30,"6dee283d397b9803","ATT","AQM-01-00-01-00-01-00-GY",29.50752,-98.581368,"Medical Center",20,23,29,0,0,0,0,"no2","Normal"
21-04-26 01:13:32,"6dee283d397b9803","ATT","AQM-01-00-01-00-01-00-GY",29.50752,-98.581368,"Medical Center",23,24,29,0,0,0,0,"no2","Normal"
21-04-26 01:23:32,"6dee283d397b9803","ATT","AQM-01-00-01-00-01-00-GY",29.50752,-98.581368,"Medical Center",23,21,26,0,0,0,0,"None","Normal"
21-04-26 01:33:33,"6dee283d397b9803","ATT","AQM-01-00-01-00-01-00-GY",29.50752,-98.581368,"Medical Center",24,24,29,0,0,0,0,"None","Normal"
21-04-26 01:43:34,"6dee283d397b9803","ATT","AQM-01-00-01-00-01-00-GY",29.50752,-98.581368,"Medical Center",23,23,27,0,0,0,0,"None","Normal"
21-04-26 01:51:56,"6dee283d397b9803","ATT","AQM-01-00-01-00-01-00-GY",29.50752,-98.581368,"Medical Center",17,21,28,0,0,0,0,"None","Normal"
21-04-26 02:02:01,"6dee283d397b9803","ATT","AQM-01-00-01-00-01-00-GY",29.50752,-98.581368,"Medical Center",26,23,32,0,0,1,0,"None","Normal"
21-04-26 02:12:05,"6dee283d397b9803","ATT","AQM-01-00-01-00-01-00-GY",29.50752,-98.581368,"Medical Center",20,23,28,0,0,0,0,"None","Normal"
21-04-26 02:12:05,"6dee283d397b9803","ATT","AQM-01-00-01-00-01-00-GY",29.50752,-98.581368,"Medical Center",20,23,28,0,0,0,0,"None","Normal"
21-04-26 02:22:09,"6dee283d397b9803","ATT","AQM-01-00-01-00-01-00-GY",29.50752,-98.581368,"Medical Center",22,23,28,0,0,0,0,"None","Normal"
21-04-26 02:32:13,"6dee283d397b9803","ATT","AQM-01-00-01-00-01-00-GY",29.50752,-98.581368,"Medical Center",20,21,25,0,0,0,0,"None","Normal"
21-04-26 02:42:17,"6dee283d397b9803","ATT","AQM-01-00-01-00-01-00-GY",29.50752,-98.581368,"Medical Center",23,20,24,0,0,0,0,"None","Normal"
21-04-26 02:52:21,"6dee283d397b9803","ATT","AQM-01-00-01-00-01-00-GY",29.50752,-98.581368,"Medical Center",22,26,32,0,0,1,0,"None","Normal"
21-04-26 03:02:25,"6dee283d397b9803","ATT","AQM-01-00-01-00-01-00-GY",29.50752,-98.581368,"Medical Center",18,24,32,0,0,0,0,"None","Normal"
21-04-26 03:12:26,"6dee283d397b9803","ATT","AQM-01-00-01-00-01-00-GY",29.50752,-98.581368,"Medical Center",16,20,26,0,0,0,0,"None","Normal"
21-04-26 03:22:29,"6dee283d397b9803","ATT","AQM-01-00-01-00-01-00-GY",29.50752,-98.581368,"Medical Center",19,18,24,0,0,1,0,"None","Normal"
21-04-26 03:32:33,"6dee283d397b9803","ATT","AQM-01-00-01-00-01-00-GY",29.50752,-98.581368,"Medical Center",14,15,19,0,0,0,0,"None","Normal"
21-04-26 03:42:36,"6dee283d397b9803","ATT","AQM-01-00-01-00-01-00-GY",29.50752,-98.581368,"Medical Center",15,20,28,0,0,0,0,"None","Normal"
21-04-26 03:52:39,"6dee283d397b9803","ATT","AQM-01-00-01-00-01-00-GY",29.50752,-98.581368,"Medical Center",18,21,26,0,0,0,0,"no2","Normal"
21-04-26 04:02:43,"6dee283d397b9803","ATT","AQM-01-00-01-00-01-00-GY",29.50752,-98.581368,"Medical Center",17,18,21,0,0,0,0,"None","Normal"
21-04-26 04:12:47,"6dee283d397b9803","ATT","AQM-01-00-01-00-01-00-GY",29.50752,-98.581368,"Medical Center",13,17,24,0,0,1,0,"None","Normal"
21-04-26 04:22:50,"6dee283d397b9803","ATT","AQM-01-00-01-00-01-00-GY",29.50752,-98.581368,"Medical Center",15,15,22,0,0,1,0,"no2","Normal"
21-04-26 04:32:55,"6dee283d397b9803","ATT","AQM-01-00-01-00-01-00-GY",29.50752,-98.581368,"Medical Center",16,16,20,0,0,0,0,"None","Normal"
21-04-26 04:42:58,"6dee283d397b9803","ATT","AQM-01-00-01-00-01-00-GY",29.50752,-98.581368,"Medical Center",14,18,23,0,0,0,0,"no2","Normal"
21-04-26 04:52:59,"6dee283d397b9803","ATT","AQM-01-00-01-00-01-00-GY",29.50752,-98.581368,"Medical Center",13,17,23,0,0,1,0,"None","Normal"
21-04-26 05:03:03,"6dee283d397b9803","ATT","AQM-01-00-01-00-01-00-GY",29.50752,-98.581368,"Medical Center",13,16,20,0,0,1,0,"no2","Normal"
21-04-26 05:13:08,"6dee283d397b9803","ATT","AQM-01-00-01-00-01-00-GY",29.50752,-98.581368,"Medical Center",15,15,17,0,0,1,0,"None","Normal"
21-04-26 05:23:11,"6dee283d397b9803","ATT","AQM-01-00-01-00-01-00-GY",29.50752,-98.581368,"Medical Center",13,16,20,0,0,1,0,"None","Normal"
21-04-26 05:33:15,"6dee283d397b9803","ATT","AQM-01-00-01-00-01-00-GY",29.50752,-98.581368,"Medical Center",12,16,20,0,0,1,0,"None","Normal"
21-04-26 05:43:19,"6dee283d397b9803","ATT","AQM-01-00-01-00-01-00-GY",29.50752,-98.581368,"Medical Center",18,15,18,0,0,1,0,"no2","Normal"
21-04-26 05:53:24,"6dee283d397b9803","ATT","AQM-01-00-01-00-01-00-GY",29.50752,-98.581368,"Medical Center",11,15,19,0,0,1,0,"None","Normal"
21-04-26 06:03:27,"6dee283d397b9803","ATT","AQM-01-00-01-00-01-00-GY",29.50752,-98.581368,"Medical Center",11,14,18,0,0,1,0,"None","Normal"
21-04-26 06:13:32,"6dee283d397b9803","ATT","AQM-01-00-01-00-01-00-GY",29.50752,-98.581368,"Medical Center",11,14,18,0,0,1,0,"None","Normal"
21-04-26 06:23:35,"6dee283d397b9803","ATT","AQM-01-00-01-00-01-00-GY",29.50752,-98.581368,"Medical Center",12,12,15,0,0,1,0,"None","Normal"
21-04-26 06:33:39,"6dee283d397b9803","ATT","AQM-01-00-01-00-01-00-GY",29.50752,-98.581368,"Medical Center",13,14,16,0,0,1,0,"None","Normal"
21-04-26 06:43:43,"6dee283d397b9803","ATT","AQM-01-00-01-00-01-00-GY",29.50752,-98.581368,"Medical Center",11,16,20,0,0,1,0,"None","Normal"
21-04-26 06:53:47,"6dee283d397b9803","ATT","AQM-01-00-01-00-01-00-GY",29.50752,-98.581368,"Medical Center",12,13,16,0,0,1,0,"None","Normal"
21-04-26 07:03:50,"6dee283d397b9803","ATT","AQM-01-00-01-00-01-00-GY",29.50752,-98.581368,"Medical Center",9,14,16,0,0,2,0,"None","Normal"
21-04-26 07:13:55,"6dee283d397b9803","ATT","AQM-01-00-01-00-01-00-GY",29.50752,-98.581368,"Medical Center",10,10,14,0,0,1,0,"None","Normal"
21-04-26 07:23:59,"6dee283d397b9803","ATT","AQM-01-00-01-00-01-00-GY",29.50752,-98.581368,"Medical Center",13,13,16,0,0,1,0,"None","Normal"
21-04-26 07:34:03,"6dee283d397b9803","ATT","AQM-01-00-01-00-01-00-GY",29.50752,-98.581368,"Medical Center",12,11,16,0,0,1,0,"None","Normal"
21-04-26 07:44:07,"6dee283d397b9803","ATT","AQM-01-00-01-00-01-00-GY",29.50752,-98.581368,"Medical Center",11,10,11,0,0,1,0,"None","Normal"
21-04-26 07:54:11,"6dee283d397b9803","ATT","AQM-01-00-01-00-01-00-GY",29.50752,-98.581368,"Medical Center",12,11,13,0,0,1,0,"None","Normal"
21-04-26 08:04:07,"6dee283d397b9803","ATT","AQM-01-00-01-00-01-00-GY",29.50752,-98.581368,"Medical Center",10,10,14,0,0,1,0,"None","Normal"
21-04-26 08:14:08,"6dee283d397b9803","ATT","AQM-01-00-01-00-01-00-GY",29.50752,-98.581368,"Medical Center",13,10,12,0,0,2,0,"None","Normal"
21-04-26 08:24:08,"6dee283d397b9803","ATT","AQM-01-00-01-00-01-00-GY",29.50752,-98.581368,"Medical Center",10,13,15,0,0,1,0,"None","Normal"
21-04-26 08:34:08,"6dee283d397b9803","ATT","AQM-01-00-01-00-01-00-GY",29.50752,-98.581368,"Medical Center",9,13,15,0,0,2,0,"None","Normal"
21-04-26 08:44:08,"6dee283d397b9803","ATT","AQM-01-00-01-00-01-00-GY",29.50752,-98.581368,"Medical Center",6,10,11,0,0,2,0,"None","Normal"
21-04-26 08:54:18,"6dee283d397b9803","ATT","AQM-01-00-01-00-01-00-GY",29.50752,-98.581368,"Medical Center",12,12,13,0,0,1,0,"None","Normal"
21-04-26 09:04:14,"6dee283d397b9803","ATT","AQM-01-00-01-00-01-00-GY",29.50752,-98.581368,"Medical Center",8,11,13,0,0,1,0,"None","Normal"
21-04-26 09:14:15,"6dee283d397b9803","ATT","AQM-01-00-01-00-01-00-GY",29.50752,-98.581368,"Medical Center",9,12,15,0,0,1,0,"None","Normal"
21-04-26 09:24:16,"6dee283d397b9803","ATT","AQM-01-00-01-00-01-00-GY",29.50752,-98.581368,"Medical Center",13,10,12,0,0,1,0,"None","Normal"
21-04-26 09:34:17,"6dee283d397b9803","ATT","AQM-01-00-01-00-01-00-GY",29.50752,-98.581368,"Medical Center",7,12,16,0,0,1,0,"None","Normal"
21-04-26 09:44:18,"6dee283d397b9803","ATT","AQM-01-00-01-00-01-00-GY",29.50752,-98.581368,"Medical Center",9,13,17,0,0,1,0,"None","Normal"
21-04-26 09:54:27,"6dee283d397b9803","ATT","AQM-01-00-01-00-01-00-GY",29.50752,-98.581368,"Medical Center",8,9,10,0,0,1,0,"None","Normal"
21-04-26 10:04:19,"6dee283d397b9803","ATT","AQM-01-00-01-00-01-00-GY",29.50752,-98.581368,"Medical Center",9,9,12,0,0,1,0,"None","Normal"
21-04-26 10:14:20,"6dee283d397b9803","ATT","AQM-01-00-01-00-01-00-GY",29.50752,-98.581368,"Medical Center",11,18,21,0,0,1,0,"None","Normal"
21-04-26 10:24:21,"6dee283d397b9803","ATT","AQM-01-00-01-00-01-00-GY",29.50752,-98.581368,"Medical Center",7,8,8,0,0,1,0,"None","Normal"
21-04-26 10:34:25,"6dee283d397b9803","ATT","AQM-01-00-01-00-01-00-GY",29.50752,-98.581368,"Medical Center",10,13,16,0,0,1,0,"None","Normal"
21-04-26 10:44:29,"6dee283d397b9803","ATT","AQM-01-00-01-00-01-00-GY",29.50752,-98.581368,"Medical Center",8,11,14,0,0,2,0,"None","Normal"
21-04-26 10:54:32,"6dee283d397b9803","ATT","AQM-01-00-01-00-01-00-GY",29.50752,-98.581368,"Medical Center",10,10,12,0,0,2,0,"None","Normal"
21-04-26 11:04:35,"6dee283d397b9803","ATT","AQM-01-00-01-00-01-00-GY",29.50752,-98.581368,"Medical Center",12,12,15,0,0,2,0,"None","Normal"
21-04-26 11:14:40,"6dee283d397b9803","ATT","AQM-01-00-01-00-01-00-GY",29.50752,-98.581368,"Medical Center",9,11,14,0,0,2,0,"None","Normal"
21-04-26 11:24:44,"6dee283d397b9803","ATT","AQM-01-00-01-00-01-00-GY",29.50752,-98.581368,"Medical Center",11,12,15,0,0,2,0,"None","Normal"
21-04-26 11:34:47,"6dee283d397b9803","ATT","AQM-01-00-01-00-01-00-GY",29.50752,-98.581368,"Medical Center",10,12,15,0,0,2,0,"None","Normal"
21-04-26 11:44:54,"6dee283d397b9803","ATT","AQM-01-00-01-00-01-00-GY",29.50752,-98.581368,"Medical Center",12,9,10,0,0,2,0,"None","Normal"
21-04-26 11:54:56,"6dee283d397b9803","ATT","AQM-01-00-01-00-01-00-GY",29.50752,-98.581368,"Medical Center",9,9,11,0,0,2,0,"None","Normal"
21-04-26 12:05:00,"6dee283d397b9803","ATT","AQM-01-00-01-00-01-00-GY",29.50752,-98.581368,"Medical Center",10,10,12,0,0,2,0,"None","Normal"
21-04-26 12:15:03,"6dee283d397b9803","ATT","AQM-01-00-01-00-01-00-GY",29.50752,-98.581368,"Medical Center",10,8,9,0,0,2,0,"None","Normal"
21-04-26 12:25:08,"6dee283d397b9803","ATT","AQM-01-00-01-00-01-00-GY",29.50752,-98.581368,"Medical Center",10,12,14,0,0,2,0,"None","Normal"
21-04-26 12:35:12,"6dee283d397b9803","ATT","AQM-01-00-01-00-01-00-GY",29.50752,-98.581368,"Medical Center",12,13,16,0,0,2,0,"None","Normal"
21-04-26 12:45:16,"6dee283d397b9803","ATT","AQM-01-00-01-00-01-00-GY",29.50752,-98.581368,"Medical Center",11,12,15,0,0,2,0,"None","Normal"
21-04-26 12:55:20,"6dee283d397b9803","ATT","AQM-01-00-01-00-01-00-GY",29.50752,-98.581368,"Medical Center",10,12,15,0,0,2,0,"None","Normal"
21-04-26 13:05:24,"6dee283d397b9803","ATT","AQM-01-00-01-00-01-00-GY",29.50752,-98.581368,"Medical Center",14,13,16,0,0,2,0,"None","Normal"
21-04-26 13:15:28,"6dee283d397b9803","ATT","AQM-01-00-01-00-01-00-GY",29.50752,-98.581368,"Medical Center",14,19,23,0,0,2,0,"no2","Normal"
21-04-26 13:25:33,"6dee283d397b9803","ATT","AQM-01-00-01-00-01-00-GY",29.50752,-98.581368,"Medical Center",12,12,17,0,0,1,0,"None","Normal"
21-04-26 13:35:36,"6dee283d397b9803","ATT","AQM-01-00-01-00-01-00-GY",29.50752,-98.581368,"Medical Center",12,13,17,0,0,1,0,"None","Normal"
21-04-26 13:45:41,"6dee283d397b9803","ATT","AQM-01-00-01-00-01-00-GY",29.50752,-98.581368,"Medical Center",11,13,18,0,0,1,0,"None","Normal"
21-04-26 13:55:44,"6dee283d397b9803","ATT","AQM-01-00-01-00-01-00-GY",29.50752,-98.581368,"Medical Center",12,13,16,0,0,1,0,"None","Normal"
21-04-26 14:05:49,"6dee283d397b9803","ATT","AQM-01-00-01-00-01-00-GY",29.50752,-98.581368,"Medical Center",16,17,20,0,0,1,0,"None","Normal"
21-04-26 14:15:52,"6dee283d397b9803","ATT","AQM-01-00-01-00-01-00-GY",29.50752,-98.581368,"Medical Center",13,13,16,0,0,1,0,"None","Normal"
21-04-26 14:25:57,"6dee283d397b9803","ATT","AQM-01-00-01-00-01-00-GY",29.50752,-98.581368,"Medical Center",17,14,18,0,0,1,0,"None","Normal"
21-04-26 14:36:00,"6dee283d397b9803","ATT","AQM-01-00-01-00-01-00-GY",29.50752,-98.581368,"Medical Center",13,14,21,0,0,1,0,"None","Normal"
21-04-26 14:46:05,"6dee283d397b9803","ATT","AQM-01-00-01-00-01-00-GY",29.50752,-98.581368,"Medical Center",14,18,19,0,0,1,0,"None","Normal"
21-04-26 14:56:08,"6dee283d397b9803","ATT","AQM-01-00-01-00-01-00-GY",29.50752,-98.581368,"Medical Center",17,16,21,0,0,1,0,"None","Normal"
21-04-26 15:06:08,"6dee283d397b9803","ATT","AQM-01-00-01-00-01-00-GY",29.50752,-98.581368,"Medical Center",15,16,18,0,0,1,0,"None","Normal"
21-04-26 15:16:08,"6dee283d397b9803","ATT","AQM-01-00-01-00-01-00-GY",29.50752,-98.581368,"Medical Center",14,17,23,0,0,1,0,"no2","Normal"
21-04-26 15:22:02,"6dee283d397b9803","ATT","AQM-01-00-01-00-01-00-GY",29.50752,-98.581368,"Medical Center",13,14,17,0,0,1,0,"no2","Normal"
21-04-26 15:32:02,"6dee283d397b9803","ATT","AQM-01-00-01-00-01-00-GY",29.50752,-98.581368,"Medical Center",15,14,17,0,0,1,0,"no2","Normal"
21-04-26 15:42:04,"6dee283d397b9803","ATT","AQM-01-00-01-00-01-00-GY",29.50752,-98.581368,"Medical Center",16,15,19,0,0,1,0,"no2","Normal"
21-04-26 15:52:04,"6dee283d397b9803","ATT","AQM-01-00-01-00-01-00-GY",29.50752,-98.581368,"Medical Center",15,18,23,0,0,1,0,"no2","Normal"
21-04-26 16:02:06,"6dee283d397b9803","ATT","AQM-01-00-01-00-01-00-GY",29.50752,-98.581368,"Medical Center",16,16,20,0,0,0,0,"None","Normal"
21-04-26 16:12:06,"6dee283d397b9803","ATT","AQM-01-00-01-00-01-00-GY",29.50752,-98.581368,"Medical Center",13,14,19,0,0,1,0,"no2","Normal"
21-04-26 16:22:06,"6dee283d397b9803","ATT","AQM-01-00-01-00-01-00-GY",29.50752,-98.581368,"Medical Center",15,17,23,0,0,0,0,"None","Normal"
21-04-26 16:32:06,"6dee283d397b9803","ATT","AQM-01-00-01-00-01-00-GY",29.50752,-98.581368,"Medical Center",13,16,22,0,0,0,0,"no2","Normal"
21-04-26 16:42:09,"6dee283d397b9803","ATT","AQM-01-00-01-00-01-00-GY",29.50752,-98.581368,"Medical Center",12,15,23,0,0,1,0,"no2","Normal"
21-04-26 16:52:09,"6dee283d397b9803","ATT","AQM-01-00-01-00-01-00-GY",29.50752,-98.581368,"Medical Center",15,18,22,0,0,0,0,"no2","Normal"
21-04-26 17:02:10,"6dee283d397b9803","ATT","AQM-01-00-01-00-01-00-GY",29.50752,-98.581368,"Medical Center",15,16,19,0,0,0,0,"None","Normal"
21-04-26 17:12:11,"6dee283d397b9803","ATT","AQM-01-00-01-00-01-00-GY",29.50752,-98.581368,"Medical Center",16,17,20,0,0,0,0,"no2","Normal"
21-04-26 17:22:12,"6dee283d397b9803","ATT","AQM-01-00-01-00-01-00-GY",29.50752,-98.581368,"Medical Center",13,20,24,0,0,1,0,"None","Normal"
21-04-26 17:32:13,"6dee283d397b9803","ATT","AQM-01-00-01-00-01-00-GY",29.50752,-98.581368,"Medical Center",16,17,21,0,0,0,0,"no2","Normal"
21-04-26 17:42:14,"6dee283d397b9803","ATT","AQM-01-00-01-00-01-00-GY",29.50752,-98.581368,"Medical Center",16,15,19,0,0,0,0,"no2","Normal"
21-04-26 17:52:14,"6dee283d397b9803","ATT","AQM-01-00-01-00-01-00-GY",29.50752,-98.581368,"Medical Center",20,17,22,0,0,0,0,"None","Normal"
21-04-26 18:02:16,"6dee283d397b9803","ATT","AQM-01-00-01-00-01-00-GY",29.50752,-98.581368,"Medical Center",16,19,21,0,0,0,0,"None","Normal"
21-04-26 18:12:16,"6dee283d397b9803","ATT","AQM-01-00-01-00-01-00-GY",29.50752,-98.581368,"Medical Center",12,16,19,0,0,0,0,"None","Normal"
21-04-26 18:22:18,"6dee283d397b9803","ATT","AQM-01-00-01-00-01-00-GY",29.50752,-98.581368,"Medical Center",13,15,20,0,0,0,0,"no2","Normal"
21-04-26 18:32:19,"6dee283d397b9803","ATT","AQM-01-00-01-00-01-00-GY",29.50752,-98.581368,"Medical Center",16,16,21,0,0,1,0,"None","Normal"
21-04-26 18:42:19,"6dee283d397b9803","ATT","AQM-01-00-01-00-01-00-GY",29.50752,-98.581368,"Medical Center",17,18,22,0,0,0,0,"None","Normal"
21-04-26 18:52:20,"6dee283d397b9803","ATT","AQM-01-00-01-00-01-00-GY",29.50752,-98.581368,"Medical Center",21,16,20,0,0,0,0,"no2","Normal"
21-04-26 19:02:21,"6dee283d397b9803","ATT","AQM-01-00-01-00-01-00-GY",29.50752,-98.581368,"Medical Center",15,17,21,0,0,0,0,"None","Normal"
21-04-26 19:12:22,"6dee283d397b9803","ATT","AQM-01-00-01-00-01-00-GY",29.50752,-98.581368,"Medical Center",20,18,23,0,0,0,0,"None","Normal"
21-04-26 19:22:22,"6dee283d397b9803","ATT","AQM-01-00-01-00-01-00-GY",29.50752,-98.581368,"Medical Center",16,15,18,0,0,0,0,"no2","Normal"